TAM,T-FUERZA-BRUTA,T-BACKTRACKING,T-TOP-DOWN,T-BOTTOM-UP,SOLUCION,V,Pasos-BF,Pasos-BT,Pasos-TD,Pasos-BU
5,0.0314585,0.0141935,0.112687,0.042797,1,25,320,54,30,260
5,0.0098785,0.0133695,0.0842605,0.0252305,5,15,320,62,114,160
